LOCATION,TIME,POP,Variable
AUT,2010,8361069.0,Total Population
AUT,2011,8388534.0,Total Population
AUT,2012,8426311.0,Total Population
AUT,2013,8477230.0,Total Population
AUT,2014,8543932.0,Total Population
AUT,2015,8629519.0,Total Population
AUT,2016,8739806.0,Total Population
AUT,2017,8795073.0,Total Population
AUT,2018,8837707.0,Total Population
AUT,2019,8877637.0,Total Population
AUT,2020,8916845.0,Total Population
AUT,2021,8951520.0,Total Population
AUT,2022,9052872.0,Total Population
AUT,2023,9087824.43118586,Total Population
AUT,2024,9105577.83916622,Total Population
AUT,2025,9127989.59486316,Total Population
AUT,2026,9155802.17542745,Total Population
AUT,2027,9187947.21744102,Total Population
AUT,2028,9219734.25580691,Total Population
AUT,2029,9250631.01299287,Total Population
AUT,2030,9280262.22099195,Total Population
AUT,2031,9308553.41346311,Total Population
AUT,2032,9335866.12121998,Total Population
AUT,2033,9362487.30997744,Total Population
AUT,2034,9391279.25109524,Total Population
AUT,2035,9418337.80733879,Total Population
AUT,2036,9443927.01724506,Total Population
AUT,2037,9468163.19056713,Total Population
AUT,2038,9490808.82387348,Total Population
AUT,2039,9512645.75829874,Total Population
AUT,2040,9533528.46240686,Total Population
AUT,2041,9553206.23291147,Total Population
AUT,2042,9572063.89731777,Total Population
AUT,2043,9589964.78148151,Total Population
AUT,2044,9607014.9478174,Total Population
AUT,2045,9623958.87106524,Total Population
AUT,2046,9640098.10566255,Total Population
AUT,2047,9655321.83452647,Total Population
AUT,2048,9668943.42219322,Total Population
AUT,2049,9681315.50825063,Total Population
AUT,2050,9692495.02779482,Total Population
BEL,2010,10896000.0,Total Population
BEL,2011,11038000.0,Total Population
BEL,2012,11107000.0,Total Population
BEL,2013,11159000.0,Total Population
BEL,2014,11209000.0,Total Population
BEL,2015,11274000.0,Total Population
BEL,2016,11331000.0,Total Population
BEL,2017,11375000.0,Total Population
BEL,2018,11427000.0,Total Population
BEL,2019,11489000.0,Total Population
BEL,2020,11544000.0,Total Population
BEL,2021,11592000.0,Total Population
BEL,2022,11693000.0,Total Population
BEL,2023,11759464.4187203,Total Population
BEL,2024,11807702.5990468,Total Population
BEL,2025,11855139.0352055,Total Population
BEL,2026,11900885.6367995,Total Population
BEL,2027,11945005.6217092,Total Population
BEL,2028,11989173.3828319,Total Population
BEL,2029,12033524.2514111,Total Population
BEL,2030,12077288.8227897,Total Population
BEL,2031,12120315.9377412,Total Population
BEL,2032,12163100.2620984,Total Population
BEL,2033,12205187.8309259,Total Population
BEL,2034,12249663.8312857,Total Population
BEL,2035,12293667.4823912,Total Population
BEL,2036,12336190.1720979,Total Population
BEL,2037,12377806.883358,Total Population
BEL,2038,12417747.1587047,Total Population
BEL,2039,12456644.7415943,Total Population
BEL,2040,12494033.9740973,Total Population
BEL,2041,12529983.8759016,Total Population
BEL,2042,12564272.2986879,Total Population
BEL,2043,12596853.0983276,Total Population
BEL,2044,12627616.3341599,Total Population
BEL,2045,12656435.2198411,Total Population
BEL,2046,12683577.9822065,Total Population
BEL,2047,12708153.7143096,Total Population
BEL,2048,12730179.446441,Total Population
BEL,2049,12750096.0581217,Total Population
BEL,2050,12768424.0945335,Total Population
CZE,2010,10517247.0,Total Population
CZE,2011,10496672.0,Total Population
CZE,2012,10509286.0,Total Population
CZE,2013,10510719.0,Total Population
CZE,2014,10524783.0,Total Population
CZE,2015,10542942.0,Total Population
CZE,2016,10565284.0,Total Population
CZE,2017,10589526.0,Total Population
CZE,2018,10626430.0,Total Population
CZE,2019,10669324.0,Total Population
CZE,2020,10700155.0,Total Population
CZE,2021,10697314.0,Total Population
CZE,2022,10687900.0,Total Population
CZE,2023,10758432.9324876,Total Population
CZE,2024,10729251.3757316,Total Population
CZE,2025,10698805.0805144,Total Population
CZE,2026,10667747.2206101,Total Population
CZE,2027,10635100.9748749,Total Population
CZE,2028,10604628.2246651,Total Population
CZE,2029,10574819.7969723,Total Population
CZE,2030,10544656.2805696,Total Population
CZE,2031,10514150.5739333,Total Population
CZE,2032,10484130.4258952,Total Population
CZE,2033,10454965.7216489,Total Population
CZE,2034,10444514.1266496,Total Population
CZE,2035,10434212.3275425,Total Population
CZE,2036,10423429.4522849,Total Population
CZE,2037,10414530.8619186,Total Population
CZE,2038,10406729.6852604,Total Population
CZE,2039,10400240.6253431,Total Population
CZE,2040,10394629.7674847,Total Population
CZE,2041,10389536.551931,Total Population
CZE,2042,10384752.0161617,Total Population
CZE,2043,10380782.9221273,Total Population
CZE,2044,10376895.9477268,Total Population
CZE,2045,10372493.1287452,Total Population
CZE,2046,10367885.2038975,Total Population
CZE,2047,10363393.8382254,Total Population
CZE,2048,10359064.3836693,Total Population
CZE,2049,10354271.3633227,Total Population
CZE,2050,10349650.557934,Total Population
DNK,2010,5547000.0,Total Population
DNK,2011,5570000.0,Total Population
DNK,2012,5591000.0,Total Population
DNK,2013,5613000.0,Total Population
DNK,2014,5643000.0,Total Population
DNK,2015,5682000.0,Total Population
DNK,2016,5729000.0,Total Population
DNK,2017,5765000.0,Total Population
DNK,2018,5794000.0,Total Population
DNK,2019,5817000.0,Total Population
DNK,2020,5830000.0,Total Population
DNK,2021,5854000.0,Total Population
DNK,2022,5906000.0,Total Population
DNK,2023,5940377.89555783,Total Population
DNK,2024,5964495.31417373,Total Population
DNK,2025,5987221.32784796,Total Population
DNK,2026,6008492.772736,Total Population
DNK,2027,6027930.48820094,Total Population
DNK,2028,6047179.12038256,Total Population
DNK,2029,6065627.52740338,Total Population
DNK,2030,6083204.9757457,Total Population
DNK,2031,6099508.90670335,Total Population
DNK,2032,6114006.00440439,Total Population
DNK,2033,6126504.45029296,Total Population
DNK,2034,6138782.34849906,Total Population
DNK,2035,6149659.23584958,Total Population
DNK,2036,6159142.09939595,Total Population
DNK,2037,6168083.35230654,Total Population
DNK,2038,6174833.81295364,Total Population
DNK,2039,6180636.35506869,Total Population
DNK,2040,6185532.89508855,Total Population
DNK,2041,6189129.72081443,Total Population
DNK,2042,6192028.12614169,Total Population
DNK,2043,6193996.67631215,Total Population
DNK,2044,6195396.25909815,Total Population
DNK,2045,6196363.55583328,Total Population
DNK,2046,6196901.02917685,Total Population
DNK,2047,6197202.8062409,Total Population
DNK,2048,6197202.99782409,Total Population
DNK,2049,6197022.08678222,Total Population
DNK,2050,6196908.44502322,Total Population
FIN,2010,5363400.0,Total Population
FIN,2011,5388300.0,Total Population
FIN,2012,5414000.0,Total Population
FIN,2013,5439000.0,Total Population
FIN,2014,5462500.0,Total Population
FIN,2015,5480500.0,Total Population
FIN,2016,5495300.0,Total Population
FIN,2017,5508200.0,Total Population
FIN,2018,5516200.0,Total Population
FIN,2019,5521600.0,Total Population
FIN,2020,5530700.0,Total Population
FIN,2021,5541500.0,Total Population
FIN,2022,5556900.0,Total Population
FIN,2023,5582892.83423405,Total Population
FIN,2024,5593064.39326996,Total Population
FIN,2025,5600138.7547438,Total Population
FIN,2026,5603718.81940598,Total Population
FIN,2027,5603538.58889421,Total Population
FIN,2028,5603331.21888353,Total Population
FIN,2029,5602698.08227808,Total Population
FIN,2030,5601533.91863085,Total Population
FIN,2031,5599709.38278482,Total Population
FIN,2032,5597495.99531181,Total Population
FIN,2033,5594652.18262684,Total Population
FIN,2034,5592708.73025342,Total Population
FIN,2035,5589700.87952206,Total Population
FIN,2036,5585244.71181975,Total Population
FIN,2037,5580252.39794292,Total Population
FIN,2038,5574252.55409716,Total Population
FIN,2039,5567892.63664891,Total Population
FIN,2040,5561188.81103142,Total Population
FIN,2041,5553929.40857491,Total Population
FIN,2042,5546109.40615352,Total Population
FIN,2043,5537786.34997505,Total Population
FIN,2044,5529064.86217124,Total Population
FIN,2045,5520138.18827109,Total Population
FIN,2046,5510877.00094528,Total Population
FIN,2047,5501773.51448431,Total Population
FIN,2048,5492254.0221415,Total Population
FIN,2049,5482324.45781205,Total Population
FIN,2050,5472196.88038645,Total Population
FRA,2010,65010975.0,Total Population
FRA,2011,65329800.0,Total Population
FRA,2012,65650975.0,Total Population
FRA,2013,65990875.0,Total Population
FRA,2014,66312100.0,Total Population
FRA,2015,66580925.0,Total Population
FRA,2016,66830925.0,Total Population
FRA,2017,67116450.0,Total Population
FRA,2018,67448750.0,Total Population
FRA,2019,67756025.0,Total Population
FRA,2020,68002450.0,Total Population
FRA,2021,68235700.0,Total Population
FRA,2022,68463850.0,Total Population
FRA,2023,68694147.9841048,Total Population
FRA,2024,68874445.7457452,Total Population
FRA,2025,69037187.3814361,Total Population
FRA,2026,69184516.2971456,Total Population
FRA,2027,69313569.9496399,Total Population
FRA,2028,69441344.6980192,Total Population
FRA,2029,69569907.7929075,Total Population
FRA,2030,69695683.9931389,Total Population
FRA,2031,69816873.9981474,Total Population
FRA,2032,69937201.8529573,Total Population
FRA,2033,70053206.6583585,Total Population
FRA,2034,70171827.5351484,Total Population
FRA,2035,70283232.6581393,Total Population
FRA,2036,70388032.4293957,Total Population
FRA,2037,70477479.3284592,Total Population
FRA,2038,70557581.652338,Total Population
FRA,2039,70625208.9036044,Total Population
FRA,2040,70678834.0994018,Total Population
FRA,2041,70720410.5827629,Total Population
FRA,2042,70750562.0929802,Total Population
FRA,2043,70770492.0645704,Total Population
FRA,2044,70780310.3717177,Total Population
FRA,2045,70781221.4222668,Total Population
FRA,2046,70767369.6283071,Total Population
FRA,2047,70742453.2719436,Total Population
FRA,2048,70704184.9369204,Total Population
FRA,2049,70656887.9640637,Total Population
FRA,2050,70603719.7154582,Total Population
DEU,2010,80284750.0,Total Population
DEU,2011,80275500.0,Total Population
DEU,2012,80426250.0,Total Population
DEU,2013,80646000.0,Total Population
DEU,2014,80983250.0,Total Population
DEU,2015,81687000.0,Total Population
DEU,2016,82349250.0,Total Population
DEU,2017,82657000.0,Total Population
DEU,2018,82905750.0,Total Population
DEU,2019,83093000.0,Total Population
DEU,2020,83161000.0,Total Population
DEU,2021,83196000.0,Total Population
DEU,2022,83797000.0,Total Population
DEU,2023,84258744.3713406,Total Population
DEU,2024,84494528.0337433,Total Population
DEU,2025,84669672.3945917,Total Population
DEU,2026,84783705.0325116,Total Population
DEU,2027,84830393.1952979,Total Population
DEU,2028,84879751.5728101,Total Population
DEU,2029,84926193.0982648,Total Population
DEU,2030,84964377.0183861,Total Population
DEU,2031,84997229.7453485,Total Population
DEU,2032,85025350.0471982,Total Population
DEU,2033,85045680.4778574,Total Population
DEU,2034,85096127.1571435,Total Population
DEU,2035,85133349.5743379,Total Population
DEU,2036,85155902.8502518,Total Population
DEU,2037,85171399.853693,Total Population
DEU,2038,85178651.0837112,Total Population
DEU,2039,85181071.8608514,Total Population
DEU,2040,85175494.2128092,Total Population
DEU,2041,85161436.2822165,Total Population
DEU,2042,85142453.0286819,Total Population
DEU,2043,85117749.7085142,Total Population
DEU,2044,85088940.8937731,Total Population
DEU,2045,85060068.8390507,Total Population
DEU,2046,85027779.9794717,Total Population
DEU,2047,84990436.1624227,Total Population
DEU,2048,84948377.3569117,Total Population
DEU,2049,84898801.2332524,Total Population
DEU,2050,84843869.8939052,Total Population
GRC,2010,11121383.0,Total Population
GRC,2011,11104944.0,Total Population
GRC,2012,11045010.0,Total Population
GRC,2013,10965214.0,Total Population
GRC,2014,10892381.0,Total Population
GRC,2015,10820912.0,Total Population
GRC,2016,10775979.0,Total Population
GRC,2017,10754688.0,Total Population
GRC,2018,10732887.0,Total Population
GRC,2019,10721566.0,Total Population
GRC,2020,10698590.0,Total Population
GRC,2021,10640409.0,Total Population
GRC,2022,10578016.0,Total Population
GRC,2023,10527896.0060418,Total Population
GRC,2024,10482179.7226784,Total Population
GRC,2025,10433808.2571404,Total Population
GRC,2026,10382275.5242043,Total Population
GRC,2027,10328231.11748,Total Population
GRC,2028,10274902.06918,Total Population
GRC,2029,10222272.0740083,Total Population
GRC,2030,10169998.5427736,Total Population
GRC,2031,10118705.503379,Total Population
GRC,2032,10068947.0519832,Total Population
GRC,2033,10019437.4589824,Total Population
GRC,2034,9970726.16402136,Total Population
GRC,2035,9921788.44911974,Total Population
GRC,2036,9872913.71093128,Total Population
GRC,2037,9825129.56497636,Total Population
GRC,2038,9777451.0199161,Total Population
GRC,2039,9730351.13464641,Total Population
GRC,2040,9683625.30104206,Total Population
GRC,2041,9636637.75658872,Total Population
GRC,2042,9589214.5238738,Total Population
GRC,2043,9541207.58303872,Total Population
GRC,2044,9493029.69490902,Total Population
GRC,2045,9444675.66372154,Total Population
GRC,2046,9395050.2552011,Total Population
GRC,2047,9344670.58494905,Total Population
GRC,2048,9293228.57769473,Total Population
GRC,2049,9240301.96924091,Total Population
GRC,2050,9186347.89472401,Total Population
HUN,2010,10000023.0,Total Population
HUN,2011,9971727.0,Total Population
HUN,2012,9920362.0,Total Population
HUN,2013,9893082.0,Total Population
HUN,2014,9866468.0,Total Population
HUN,2015,9843028.0,Total Population
HUN,2016,9814023.0,Total Population
HUN,2017,9787966.0,Total Population
HUN,2018,9775564.0,Total Population
HUN,2019,9771141.0,Total Population
HUN,2020,9750149.0,Total Population
HUN,2021,9709891.0,Total Population
HUN,2022,9683473.0,Total Population
HUN,2023,9650341.5574761,Total Population
HUN,2024,9633041.55287173,Total Population
HUN,2025,9616333.13999894,Total Population
HUN,2026,9599114.09443923,Total Population
HUN,2027,9580471.0066056,Total Population
HUN,2028,9561290.82901094,Total Population
HUN,2029,9541292.77916694,Total Population
HUN,2030,9521103.80579726,Total Population
HUN,2031,9500229.4274579,Total Population
HUN,2032,9479856.61752288,Total Population
HUN,2033,9459264.69682857,Total Population
HUN,2034,9439070.31681104,Total Population
HUN,2035,9417792.14697707,Total Population
HUN,2036,9395926.69539164,Total Population
HUN,2037,9374412.51285034,Total Population
HUN,2038,9352340.29469188,Total Population
HUN,2039,9332820.44470015,Total Population
HUN,2040,9314203.82749513,Total Population
HUN,2041,9295386.09195301,Total Population
HUN,2042,9276531.70324894,Total Population
HUN,2043,9257203.6794712,Total Population
HUN,2044,9237998.10843544,Total Population
HUN,2045,9218437.19708946,Total Population
HUN,2046,9199116.53256964,Total Population
HUN,2047,9179277.75806742,Total Population
HUN,2048,9159819.51565347,Total Population
HUN,2049,9140693.03414788,Total Population
HUN,2050,9122411.32652591,Total Population
ISL,2010,318000.0,Total Population
ISL,2011,319000.0,Total Population
ISL,2012,320700.0,Total Population
ISL,2013,323800.0,Total Population
ISL,2014,327400.0,Total Population
ISL,2015,330800.0,Total Population
ISL,2016,335400.0,Total Population
ISL,2017,343400.0,Total Population
ISL,2018,352700.0,Total Population
ISL,2019,360600.0,Total Population
ISL,2020,366500.0,Total Population
ISL,2021,372500.0,Total Population
ISL,2022,380200.0,Total Population
ISL,2023,388194.344179477,Total Population
ISL,2024,395353.428754956,Total Population
ISL,2025,402231.503526133,Total Population
ISL,2026,408816.768610097,Total Population
ISL,2027,415085.557468146,Total Population
ISL,2028,421285.389552227,Total Population
ISL,2029,427412.875491951,Total Population
ISL,2030,433458.112978526,Total Population
ISL,2031,439392.010407516,Total Population
ISL,2032,445249.997230858,Total Population
ISL,2033,451022.028605995,Total Population
ISL,2034,456787.465642621,Total Population
ISL,2035,462457.425808074,Total Population
ISL,2036,468001.850495426,Total Population
ISL,2037,473449.965798124,Total Population
ISL,2038,478772.008140905,Total Population
ISL,2039,483943.783577061,Total Population
ISL,2040,488993.482365796,Total Population
ISL,2041,493913.975272716,Total Population
ISL,2042,498699.226385538,Total Population
ISL,2043,503363.603279732,Total Population
ISL,2044,507896.207183362,Total Population
ISL,2045,512293.724261497,Total Population
ISL,2046,516576.702325245,Total Population
ISL,2047,520720.840546202,Total Population
ISL,2048,524735.135698726,Total Population
ISL,2049,528668.554827712,Total Population
ISL,2050,532477.665384314,Total Population
IRL,2010,4559769.0,Total Population
IRL,2011,4578543.0,Total Population
IRL,2012,4597439.0,Total Population
IRL,2013,4620042.0,Total Population
IRL,2014,4652460.0,Total Population
IRL,2015,4695773.0,Total Population
IRL,2016,4748994.0,Total Population
IRL,2017,4802275.0,Total Population
IRL,2018,4860651.0,Total Population
IRL,2019,4927173.0,Total Population
IRL,2020,4980326.0,Total Population
IRL,2021,5018628.0,Total Population
IRL,2022,5114710.0,Total Population
IRL,2023,5173000.44328326,Total Population
IRL,2024,5211723.49232838,Total Population
IRL,2025,5250258.70659234,Total Population
IRL,2026,5288921.16559762,Total Population
IRL,2027,5327835.98586228,Total Population
IRL,2028,5366322.95758142,Total Population
IRL,2029,5404622.47021972,Total Population
IRL,2030,5442811.90653857,Total Population
IRL,2031,5480814.05431494,Total Population
IRL,2032,5518806.52371204,Total Population
IRL,2033,5556589.46769109,Total Population
IRL,2034,5597096.0850637,Total Population
IRL,2035,5637068.92665743,Total Population
IRL,2036,5676218.38603637,Total Population
IRL,2037,5714766.56366128,Total Population
IRL,2038,5753090.84341687,Total Population
IRL,2039,5790552.73846748,Total Population
IRL,2040,5827362.83893615,Total Population
IRL,2041,5863154.619567,Total Population
IRL,2042,5897978.06579576,Total Population
IRL,2043,5931628.11373197,Total Population
IRL,2044,5964332.26627383,Total Population
IRL,2045,5995655.93584591,Total Population
IRL,2046,6024916.33663457,Total Population
IRL,2047,6052343.21551523,Total Population
IRL,2048,6077777.96866744,Total Population
IRL,2049,6101050.4670592,Total Population
IRL,2050,6122188.55431438,Total Population
ITA,2010,59819400.0,Total Population
ITA,2011,60026800.0,Total Population
ITA,2012,60191200.0,Total Population
ITA,2013,60311600.0,Total Population
ITA,2014,60320700.0,Total Population
ITA,2015,60229600.0,Total Population
ITA,2016,60115200.0,Total Population
ITA,2017,60002300.0,Total Population
ITA,2018,59877200.0,Total Population
ITA,2019,59729100.0,Total Population
ITA,2020,59438900.0,Total Population
ITA,2021,59133200.0,Total Population
ITA,2022,58941600.0,Total Population
ITA,2023,58960957.4928514,Total Population
ITA,2024,58957208.8655049,Total Population
ITA,2025,58965027.6598132,Total Population
ITA,2026,58986881.1503229,Total Population
ITA,2027,59019466.0459859,Total Population
ITA,2028,59056712.3555855,Total Population
ITA,2029,59095974.1275858,Total Population
ITA,2030,59133332.4876875,Total Population
ITA,2031,59172099.9693486,Total Population
ITA,2032,59207440.5402935,Total Population
ITA,2033,59244252.9432099,Total Population
ITA,2034,59286773.8466455,Total Population
ITA,2035,59325888.1074486,Total Population
ITA,2036,59361079.231064,Total Population
ITA,2037,59391233.607005,Total Population
ITA,2038,59416619.0950086,Total Population
ITA,2039,59438399.8621522,Total Population
ITA,2040,59449424.7319828,Total Population
ITA,2041,59451066.3272407,Total Population
ITA,2042,59440407.7425304,Total Population
ITA,2043,59419673.2285056,Total Population
ITA,2044,59387818.9430552,Total Population
ITA,2045,59341749.0212981,Total Population
ITA,2046,59284018.1344702,Total Population
ITA,2047,59215243.6739414,Total Population
ITA,2048,59133655.3894942,Total Population
ITA,2049,59038231.5698808,Total Population
ITA,2050,58929211.495869,Total Population
LUX,2010,507538.0,Total Population
LUX,2011,519425.0,Total Population
LUX,2012,531500.0,Total Population
LUX,2013,545325.0,Total Population
LUX,2014,558325.0,Total Population
LUX,2015,569400.0,Total Population
LUX,2016,584125.0,Total Population
LUX,2017,596976.0,Total Population
LUX,2018,608806.0,Total Population
LUX,2019,621500.0,Total Population
LUX,2020,631088.0,Total Population
LUX,2021,641038.0,Total Population
LUX,2022,655275.0,Total Population
LUX,2023,668158.662645067,Total Population
LUX,2024,679506.426851482,Total Population
LUX,2025,690593.44644777,Total Population
LUX,2026,701408.354711627,Total Population
LUX,2027,711916.259162888,Total Population
LUX,2028,722260.225847702,Total Population
LUX,2029,732437.10069017,Total Population
LUX,2030,742443.812294354,Total Population
LUX,2031,752252.668923885,Total Population
LUX,2032,761850.89213286,Total Population
LUX,2033,771192.833660242,Total Population
LUX,2034,780500.786317106,Total Population
LUX,2035,789564.198453537,Total Population
LUX,2036,798376.53302181,Total Population
LUX,2037,806923.44757865,Total Population
LUX,2038,815201.124795597,Total Population
LUX,2039,823225.296234667,Total Population
LUX,2040,831013.408414554,Total Population
LUX,2041,838537.498371782,Total Population
LUX,2042,845802.815494409,Total Population
LUX,2043,852860.520337867,Total Population
LUX,2044,859681.937715505,Total Population
LUX,2045,866258.406342485,Total Population
LUX,2046,872611.686541769,Total Population
LUX,2047,878753.694354622,Total Population
LUX,2048,884689.954174621,Total Population
LUX,2049,890410.591931039,Total Population
LUX,2050,895922.483291476,Total Population
NLD,2010,16615000.0,Total Population
NLD,2011,16693000.0,Total Population
NLD,2012,16755000.0,Total Population
NLD,2013,16804000.0,Total Population
NLD,2014,16865000.0,Total Population
NLD,2015,16940000.0,Total Population
NLD,2016,17030000.0,Total Population
NLD,2017,17131000.0,Total Population
NLD,2018,17232000.0,Total Population
NLD,2019,17345000.0,Total Population
NLD,2020,17442000.0,Total Population
NLD,2021,17533000.0,Total Population
NLD,2022,17703000.0,Total Population
NLD,2023,17854713.3518825,Total Population
NLD,2024,17963248.7221806,Total Population
NLD,2025,18058128.2104178,Total Population
NLD,2026,18140643.3317443,Total Population
NLD,2027,18209545.4952497,Total Population
NLD,2028,18278727.0879298,Total Population
NLD,2029,18346221.9060128,Total Population
NLD,2030,18411246.8153309,Total Population
NLD,2031,18473816.064093,Total Population
NLD,2032,18533661.5457021,Total Population
NLD,2033,18591011.3988553,Total Population
NLD,2034,18649922.2443495,Total Population
NLD,2035,18704959.7145707,Total Population
NLD,2036,18752857.103834,Total Population
NLD,2037,18796858.1131131,Total Population
NLD,2038,18833956.9293606,Total Population
NLD,2039,18866368.5261359,Total Population
NLD,2040,18895462.9495544,Total Population
NLD,2041,18920082.8068728,Total Population
NLD,2042,18940674.5837087,Total Population
NLD,2043,18958357.2961973,Total Population
NLD,2044,18971852.3987982,Total Population
NLD,2045,18981593.7959902,Total Population
NLD,2046,18989222.5479264,Total Population
NLD,2047,18994179.1882983,Total Population
NLD,2048,18996725.9681177,Total Population
NLD,2049,18997675.0706469,Total Population
NLD,2050,18997676.7816798,Total Population
NOR,2010,4889000.0,Total Population
NOR,2011,4953000.0,Total Population
NOR,2012,5019000.0,Total Population
NOR,2013,5080000.0,Total Population
NOR,2014,5137000.0,Total Population
NOR,2015,5190000.0,Total Population
NOR,2016,5236000.0,Total Population
NOR,2017,5277000.0,Total Population
NOR,2018,5312000.0,Total Population
NOR,2019,5348000.0,Total Population
NOR,2020,5379000.0,Total Population
NOR,2021,5408000.0,Total Population
NOR,2022,5457000.0,Total Population
NOR,2023,5481705.0733888,Total Population
NOR,2024,5502959.98208499,Total Population
NOR,2025,5530086.55616333,Total Population
NOR,2026,5562713.90731258,Total Population
NOR,2027,5600900.43442925,Total Population
NOR,2028,5638924.1684612,Total Population
NOR,2029,5676612.92500781,Total Population
NOR,2030,5713846.86681922,Total Population
NOR,2031,5750543.67658832,Total Population
NOR,2032,5786625.88778824,Total Population
NOR,2033,5821958.1902419,Total Population
NOR,2034,5858159.50114152,Total Population
NOR,2035,5893560.38398835,Total Population
NOR,2036,5928281.95812486,Total Population
NOR,2037,5962198.15021674,Total Population
NOR,2038,5995512.0132348,Total Population
NOR,2039,6028219.9393597,Total Population
NOR,2040,6060028.74307045,Total Population
NOR,2041,6090991.01051766,Total Population
NOR,2042,6121088.37425526,Total Population
NOR,2043,6150482.81586857,Total Population
NOR,2044,6179011.75160457,Total Population
NOR,2045,6206642.23211849,Total Population
NOR,2046,6233253.31307873,Total Population
NOR,2047,6258987.51548253,Total Population
NOR,2048,6284102.09954964,Total Population
NOR,2049,6308296.71343946,Total Population
NOR,2050,6331538.71913123,Total Population
POL,2010,38517000.0,Total Population
POL,2011,38526000.0,Total Population
POL,2012,38534000.0,Total Population
POL,2013,38502000.0,Total Population
POL,2014,38484000.0,Total Population
POL,2015,38455000.0,Total Population
POL,2016,38427000.0,Total Population
POL,2017,38422000.0,Total Population
POL,2018,38413000.0,Total Population
POL,2019,38386000.0,Total Population
POL,2020,38354000.0,Total Population
POL,2021,38162000.0,Total Population
POL,2022,37827000.0,Total Population
POL,2023,37886434.5753451,Total Population
POL,2024,37757204.0298307,Total Population
POL,2025,37617791.8988705,Total Population
POL,2026,37468798.3432642,Total Population
POL,2027,37307197.7862,Total Population
POL,2028,37145531.9099545,Total Population
POL,2029,36980859.9975941,Total Population
POL,2030,36814832.9562777,Total Population
POL,2031,36645832.2343828,Total Population
POL,2032,36473954.6393987,Total Population
POL,2033,36302465.6592573,Total Population
POL,2034,36169188.5042516,Total Population
POL,2035,36035230.1783847,Total Population
POL,2036,35901334.5584665,Total Population
POL,2037,35767113.4503608,Total Population
POL,2038,35629618.9130461,Total Population
POL,2039,35491269.6554153,Total Population
POL,2040,35351971.3617683,Total Population
POL,2041,35212923.8757217,Total Population
POL,2042,35073992.3425387,Total Population
POL,2043,34934426.844246,Total Population
POL,2044,34796079.3931362,Total Population
POL,2045,34659033.6561298,Total Population
POL,2046,34520547.9123334,Total Population
POL,2047,34386152.809744,Total Population
POL,2048,34254793.655111,Total Population
POL,2049,34122040.6937056,Total Population
POL,2050,33989573.5244662,Total Population
PRT,2010,10573100.0,Total Population
PRT,2011,10557600.0,Total Population
PRT,2012,10514800.0,Total Population
PRT,2013,10457300.0,Total Population
PRT,2014,10401100.0,Total Population
PRT,2015,10358100.0,Total Population
PRT,2016,10325500.0,Total Population
PRT,2017,10300300.0,Total Population
PRT,2018,10283800.0,Total Population
PRT,2019,10286300.0,Total Population
PRT,2020,10297100.0,Total Population
PRT,2021,10294600.0,Total Population
PRT,2022,10298900.0,Total Population
PRT,2023,10300511.4893119,Total Population
PRT,2024,10285887.0669942,Total Population
PRT,2025,10268955.4794095,Total Population
PRT,2026,10249719.661473,Total Population
PRT,2027,10228985.8145203,Total Population
PRT,2028,10208963.9621641,Total Population
PRT,2029,10189723.3891266,Total Population
PRT,2030,10170003.1440931,Total Population
PRT,2031,10150524.7766426,Total Population
PRT,2032,10131382.6035584,Total Population
PRT,2033,10111862.8255428,Total Population
PRT,2034,10095019.8798777,Total Population
PRT,2035,10078174.6061341,Total Population
PRT,2036,10061046.9334004,Total Population
PRT,2037,10042732.8184477,Total Population
PRT,2038,10023427.5730652,Total Population
PRT,2039,10004095.8824312,Total Population
PRT,2040,9984241.31467687,Total Population
PRT,2041,9963594.6311584,Total Population
PRT,2042,9941456.05774205,Total Population
PRT,2043,9917611.99001988,Total Population
PRT,2044,9892100.24452416,Total Population
PRT,2045,9865303.15414959,Total Population
PRT,2046,9837183.64619384,Total Population
PRT,2047,9808427.2165904,Total Population
PRT,2048,9778307.55221878,Total Population
PRT,2049,9747493.47974868,Total Population
PRT,2050,9715293.30626878,Total Population
SVK,2010,5391152.35563532,Total Population
SVK,2011,5398108.0,Total Population
SVK,2012,5406244.0,Total Population
SVK,2013,5413003.0,Total Population
SVK,2014,5418558.75,Total Population
SVK,2015,5422343.0,Total Population
SVK,2016,5430804.0,Total Population
SVK,2017,5438389.0,Total Population
SVK,2018,5446010.75,Total Population
SVK,2019,5453244.0,Total Population
SVK,2020,5460509.5,Total Population
SVK,2021,5440661.25,Total Population
SVK,2022,5488885.25,Total Population
SVK,2023,5488764.58158801,Total Population
SVK,2024,5480250.38389942,Total Population
SVK,2025,5471727.23398373,Total Population
SVK,2026,5462991.09838445,Total Population
SVK,2027,5453541.1372181,Total Population
SVK,2028,5443523.44021063,Total Population
SVK,2029,5432717.28785694,Total Population
SVK,2030,5420836.08137694,Total Population
SVK,2031,5407762.67307768,Total Population
SVK,2032,5393720.46090795,Total Population
SVK,2033,5378931.04601151,Total Population
SVK,2034,5367616.08425,Total Population
SVK,2035,5355563.08837044,Total Population
SVK,2036,5342725.03960422,Total Population
SVK,2037,5330052.20807002,Total Population
SVK,2038,5317264.33295904,Total Population
SVK,2039,5304399.57883629,Total Population
SVK,2040,5291268.40343332,Total Population
SVK,2041,5278194.39472754,Total Population
SVK,2042,5264899.021418,Total Population
SVK,2043,5251621.82115244,Total Population
SVK,2044,5238473.87983166,Total Population
SVK,2045,5224679.99386419,Total Population
SVK,2046,5210792.05263881,Total Population
SVK,2047,5196747.52130794,Total Population
SVK,2048,5182802.03821914,Total Population
SVK,2049,5168748.46530217,Total Population
SVK,2050,5154681.56724609,Total Population
ESP,2010,46562483.0,Total Population
ESP,2011,46736257.0,Total Population
ESP,2012,46766403.0,Total Population
ESP,2013,46593236.0,Total Population
ESP,2014,46455123.0,Total Population
ESP,2015,46410149.0,Total Population
ESP,2016,46449874.0,Total Population
ESP,2017,46532869.0,Total Population
ESP,2018,46728814.0,Total Population
ESP,2019,47105358.0,Total Population
ESP,2020,47355687.0,Total Population
ESP,2021,47331545.0,Total Population
ESP,2022,47615035.0,Total Population
ESP,2023,48022084.2991517,Total Population
ESP,2024,48328728.8781642,Total Population
ESP,2025,48579537.7574527,Total Population
ESP,2026,48772642.0282623,Total Population
ESP,2027,48914339.2619955,Total Population
ESP,2028,49058053.411075,Total Population
ESP,2029,49203718.564587,Total Population
ESP,2030,49349457.2723857,Total Population
ESP,2031,49494256.4453162,Total Population
ESP,2032,49643332.9345123,Total Population
ESP,2033,49793244.3721185,Total Population
ESP,2034,49949061.0500331,Total Population
ESP,2035,50102266.0505546,Total Population
ESP,2036,50253778.8258255,Total Population
ESP,2037,50401899.0299376,Total Population
ESP,2038,50545691.1254341,Total Population
ESP,2039,50686327.4798337,Total Population
ESP,2040,50819604.1601436,Total Population
ESP,2041,50946500.9479854,Total Population
ESP,2042,51061130.0740823,Total Population
ESP,2043,51165524.3276898,Total Population
ESP,2044,51257613.1302512,Total Population
ESP,2045,51338139.3801953,Total Population
ESP,2046,51404514.5563175,Total Population
ESP,2047,51455250.0052489,Total Population
ESP,2048,51488998.6832746,Total Population
ESP,2049,51507678.6208739,Total Population
ESP,2050,51509693.9594726,Total Population
SWE,2010,9378126.0,Total Population
SWE,2011,9449212.5,Total Population
SWE,2012,9519374.0,Total Population
SWE,2013,9600378.5,Total Population
SWE,2014,9696109.5,Total Population
SWE,2015,9799186.0,Total Population
SWE,2016,9923085.0,Total Population
SWE,2017,10057697.5,Total Population
SWE,2018,10175213.5,Total Population
SWE,2019,10278887.0,Total Population
SWE,2020,10353442.0,Total Population
SWE,2021,10415810.5,Total Population
SWE,2022,10486941.0,Total Population
SWE,2023,10570051.3471516,Total Population
SWE,2024,10640609.0598386,Total Population
SWE,2025,10711448.4344472,Total Population
SWE,2026,10781787.5294513,Total Population
SWE,2027,10851201.8667679,Total Population
SWE,2028,10918989.0438887,Total Population
SWE,2029,10984780.9052514,Total Population
SWE,2030,11048433.159785,Total Population
SWE,2031,11109955.180591,Total Population
SWE,2032,11169208.5531736,Total Population
SWE,2033,11227319.1773288,Total Population
SWE,2034,11285303.2075393,Total Population
SWE,2035,11342095.9617392,Total Population
SWE,2036,11397921.6525808,Total Population
SWE,2037,11453094.0378607,Total Population
SWE,2038,11507670.8223688,Total Population
SWE,2039,11561442.4276162,Total Population
SWE,2040,11614994.3155935,Total Population
SWE,2041,11668547.8086706,Total Population
SWE,2042,11722071.0515765,Total Population
SWE,2043,11775233.3055944,Total Population
SWE,2044,11828276.1648006,Total Population
SWE,2045,11881209.5300103,Total Population
SWE,2046,11933931.1238845,Total Population
SWE,2047,11985796.584443,Total Population
SWE,2048,12036670.7657533,Total Population
SWE,2049,12086297.4150138,Total Population
SWE,2050,12134567.7019802,Total Population
CHE,2010,7827970.0,Total Population
CHE,2011,7912398.0,Total Population
CHE,2012,7996861.0,Total Population
CHE,2013,8089345.5,Total Population
CHE,2014,8188648.5,Total Population
CHE,2015,8282396.0,Total Population
CHE,2016,8373338.0,Total Population
CHE,2017,8451840.0,Total Population
CHE,2018,8514328.0,Total Population
CHE,2019,8575280.0,Total Population
CHE,2020,8638166.5,Total Population
CHE,2021,8704545.5,Total Population
CHE,2022,8781667.5,Total Population
CHE,2023,8839133.84125601,Total Population
CHE,2024,8882516.26993464,Total Population
CHE,2025,8928629.40351789,Total Population
CHE,2026,8977277.89630832,Total Population
CHE,2027,9028429.92035403,Total Population
CHE,2028,9078754.41685332,Total Population
CHE,2029,9127546.04840178,Total Population
CHE,2030,9174631.90305665,Total Population
CHE,2031,9219706.89793522,Total Population
CHE,2032,9262871.14066853,Total Population
CHE,2033,9304425.49500786,Total Population
CHE,2034,9346808.25181137,Total Population
CHE,2035,9387511.75386434,Total Population
CHE,2036,9426387.25605702,Total Population
CHE,2037,9464291.35513252,Total Population
CHE,2038,9500771.24962881,Total Population
CHE,2039,9535789.70161861,Total Population
CHE,2040,9569783.86644232,Total Population
CHE,2041,9602688.37236768,Total Population
CHE,2042,9634878.09568188,Total Population
CHE,2043,9666085.4033629,Total Population
CHE,2044,9696390.30429041,Total Population
CHE,2045,9726384.7721413,Total Population
CHE,2046,9755636.39983466,Total Population
CHE,2047,9784283.98346273,Total Population
CHE,2048,9811952.69654197,Total Population
CHE,2049,9838495.08580385,Total Population
CHE,2050,9863903.25000654,Total Population
GBR,2010,62760000.0,Total Population
GBR,2011,63285000.0,Total Population
GBR,2012,63705000.0,Total Population
GBR,2013,64106000.0,Total Population
GBR,2014,64597000.0,Total Population
GBR,2015,65110000.0,Total Population
GBR,2016,65648000.0,Total Population
GBR,2017,66040000.0,Total Population
GBR,2018,66436000.0,Total Population
GBR,2019,66797000.0,Total Population
GBR,2020,67081000.0,Total Population
GBR,2021,67026000.0,Total Population
GBR,2022,67791000.0,Total Population
GBR,2023,68254851.7738075,Total Population
GBR,2024,68616456.9938476,Total Population
GBR,2025,68956262.5252037,Total Population
GBR,2026,69271045.4921129,Total Population
GBR,2027,69564837.3848644,Total Population
GBR,2028,69834472.0360938,Total Population
GBR,2029,70079363.5525487,Total Population
GBR,2030,70301544.7388806,Total Population
GBR,2031,70496309.2169305,Total Population
GBR,2032,70686427.5074321,Total Population
GBR,2033,70870879.134695,Total Population
GBR,2034,71049144.1059033,Total Population
GBR,2035,71220853.1689577,Total Population
GBR,2036,71387635.4669988,Total Population
GBR,2037,71547275.4618631,Total Population
GBR,2038,71704581.8484849,Total Population
GBR,2039,71854559.9461505,Total Population
GBR,2040,72001866.2598457,Total Population
GBR,2041,72146028.0501577,Total Population
GBR,2042,72284967.0016786,Total Population
GBR,2043,72418510.4027049,Total Population
GBR,2044,72545281.5943767,Total Population
GBR,2045,72663656.3352179,Total Population
GBR,2046,72775434.7947902,Total Population
GBR,2047,72875329.6801169,Total Population
GBR,2048,72964128.0623943,Total Population
GBR,2049,73042652.3973252,Total Population
GBR,2050,73107491.2717216,Total Population
BGR,2010,7395599.00321645,Total Population
BGR,2011,7348328.0,Total Population
BGR,2012,7305888.0,Total Population
BGR,2013,7265115.0,Total Population
BGR,2014,7223937.0,Total Population
BGR,2015,7177991.0,Total Population
BGR,2016,7127821.5,Total Population
BGR,2017,7075946.5,Total Population
BGR,2018,7025036.5,Total Population
BGR,2019,6975760.5,Total Population
BGR,2020,6934015.0,Total Population
BGR,2021,6877742.5,Total Population
BGR,2022,6819462.0,Total Population
BGR,2023,6755873.6652477,Total Population
BGR,2024,6671557.22417575,Total Population
BGR,2025,6619605.84029041,Total Population
BGR,2026,6566564.59832202,Total Population
BGR,2027,6512259.0740935,Total Population
BGR,2028,6459009.60108613,Total Population
BGR,2029,6406388.73812253,Total Population
BGR,2030,6354459.0126744,Total Population
BGR,2031,6303301.99426299,Total Population
BGR,2032,6253268.70368622,Total Population
BGR,2033,6205250.00672636,Total Population
BGR,2034,6164186.10215263,Total Population
BGR,2035,6123329.37456094,Total Population
BGR,2036,6082511.13781175,Total Population
BGR,2037,6041882.42522617,Total Population
BGR,2038,6002591.23475342,Total Population
BGR,2039,5964365.18512715,Total Population
BGR,2040,5926424.05710809,Total Population
BGR,2041,5889106.27244225,Total Population
BGR,2042,5852235.6814956,Total Population
BGR,2043,5815712.50545845,Total Population
BGR,2044,5779853.50100982,Total Population
BGR,2045,5744278.37525158,Total Population
BGR,2046,5709309.61349764,Total Population
BGR,2047,5674781.18573965,Total Population
BGR,2048,5640974.77605866,Total Population
BGR,2049,5607827.86665663,Total Population
BGR,2050,5575145.14618204,Total Population
HRV,2010,4376152.0,Total Population
HRV,2011,4361212.0,Total Population
HRV,2012,4342471.0,Total Population
HRV,2013,4320718.0,Total Population
HRV,2014,4296989.0,Total Population
HRV,2015,4270955.0,Total Population
HRV,2016,4238675.0,Total Population
HRV,2017,4208827.0,Total Population
HRV,2018,4176106.0,Total Population
HRV,2019,4144864.0,Total Population
HRV,2020,4114639.0,Total Population
HRV,2021,4079100.0,Total Population
HRV,2022,4041170.90919268,Total Population
HRV,2023,4019543.90984325,Total Population
HRV,2024,3997688.89596328,Total Population
HRV,2025,3975564.89051251,Total Population
HRV,2026,3953217.87818691,Total Population
HRV,2027,3930704.88051367,Total Population
HRV,2028,3907950.89309298,Total Population
HRV,2029,3884987.88124193,Total Population
HRV,2030,3861824.86519775,Total Population
HRV,2031,3838455.84798876,Total Population
HRV,2032,3814819.85218395,Total Population
HRV,2033,3790855.84572417,Total Population
HRV,2034,3766460.83040862,Total Population
HRV,2035,3741851.83099466,Total Population
HRV,2036,3716883.85847886,Total Population
HRV,2037,3691589.85882143,Total Population
HRV,2038,3666074.84809146,Total Population
HRV,2039,3640236.82378735,Total Population
HRV,2040,3614124.82263084,Total Population
HRV,2041,3587858.80445318,Total Population
HRV,2042,3561252.81873374,Total Population
HRV,2043,3534622.79664125,Total Population
HRV,2044,3507898.794847,Total Population
HRV,2045,3481068.80711,Total Population
HRV,2046,3454271.81560657,Total Population
HRV,2047,3427471.82292561,Total Population
HRV,2048,3400614.80680355,Total Population
HRV,2049,3373684.80916583,Total Population
HRV,2050,3346887.81438431,Total Population
EST,2010,1333290.0,Total Population
EST,2011,1329660.0,Total Population
EST,2012,1325217.0,Total Population
EST,2013,1320174.0,Total Population
EST,2014,1315819.0,Total Population
EST,2015,1313271.0,Total Population
EST,2016,1315944.0,Total Population
EST,2017,1315635.0,Total Population
EST,2018,1319133.0,Total Population
EST,2019,1324820.0,Total Population
EST,2020,1328889.0,Total Population
EST,2021,1330068.0,Total Population
EST,2022,1331796.0,Total Population
EST,2023,1365884.0,Total Population
EST,2024,1364511.22395142,Total Population
EST,2025,1362442.94770561,Total Population
EST,2026,1359706.03843657,Total Population
EST,2027,1356291.314224,Total Population
EST,2028,1352892.5964349,Total Population
EST,2029,1349549.3429709,Total Population
EST,2030,1346154.71808909,Total Population
EST,2031,1342834.53867212,Total Population
EST,2032,1339653.72773419,Total Population
EST,2033,1336659.03800512,Total Population
EST,2034,1335416.26217834,Total Population
EST,2035,1334387.7652781,Total Population
EST,2036,1333428.43251718,Total Population
EST,2037,1332682.97770169,Total Population
EST,2038,1331872.08073604,Total Population
EST,2039,1331167.28961465,Total Population
EST,2040,1330492.77835574,Total Population
EST,2041,1329895.45532485,Total Population
EST,2042,1329366.57542133,Total Population
EST,2043,1328757.26092929,Total Population
EST,2044,1328140.86571355,Total Population
EST,2045,1327503.85789302,Total Population
EST,2046,1326839.57771943,Total Population
EST,2047,1326129.95376677,Total Population
EST,2048,1325437.27276819,Total Population
EST,2049,1324650.04904145,Total Population
EST,2050,1323745.63491923,Total Population
LVA,2010,2097288.0,Total Population
LVA,2011,2058825.0,Total Population
LVA,2012,2033650.0,Total Population
LVA,2013,2012813.0,Total Population
LVA,2014,1994250.0,Total Population
LVA,2015,1977313.0,Total Population
LVA,2016,1959338.0,Total Population
LVA,2017,1941163.0,Total Population
LVA,2018,1926250.0,Total Population
LVA,2019,1913188.0,Total Population
LVA,2020,1900863.0,Total Population
LVA,2021,1883013.0,Total Population
LVA,2022,1886225.0,Total Population
LVA,2023,1876493.44105188,Total Population
LVA,2024,1856839.84666514,Total Population
LVA,2025,1836681.83659416,Total Population
LVA,2026,1815770.70146511,Total Population
LVA,2027,1793865.83397092,Total Population
LVA,2028,1772113.55563082,Total Population
LVA,2029,1750457.98780219,Total Population
LVA,2030,1728962.8548824,Total Population
LVA,2031,1707807.32571698,Total Population
LVA,2032,1687084.92219272,Total Population
LVA,2033,1666908.20870565,Total Population
LVA,2034,1648635.24829453,Total Population
LVA,2035,1630832.90926301,Total Population
LVA,2036,1613413.77606161,Total Population
LVA,2037,1596506.25264843,Total Population
LVA,2038,1579973.58669203,Total Population
LVA,2039,1563829.58953394,Total Population
LVA,2040,1548129.39531227,Total Population
LVA,2041,1532804.70166013,Total Population
LVA,2042,1517803.4971777,Total Population
LVA,2043,1503132.55804876,Total Population
LVA,2044,1488772.26971322,Total Population
LVA,2045,1474783.61881924,Total Population
LVA,2046,1461133.71894474,Total Population
LVA,2047,1447768.65899849,Total Population
LVA,2048,1434801.06080841,Total Population
LVA,2049,1422046.78047299,Total Population
LVA,2050,1409445.30759869,Total Population
LTU,2010,3097282.0,Total Population
LTU,2011,3028115.0,Total Population
LTU,2012,2987773.0,Total Population
LTU,2013,2957689.0,Total Population
LTU,2014,2932367.0,Total Population
LTU,2015,2904910.0,Total Population
LTU,2016,2868231.0,Total Population
LTU,2017,2828403.0,Total Population
LTU,2018,2801543.0,Total Population
LTU,2019,2794137.0,Total Population
LTU,2020,2794885.0,Total Population
LTU,2021,2808380.0,Total Population
LTU,2022,2833000.0,Total Population
LTU,2023,2832543.21998849,Total Population
LTU,2024,2820967.31050652,Total Population
LTU,2025,2805693.35370991,Total Population
LTU,2026,2786507.27181504,Total Population
LTU,2027,2762982.15513015,Total Population
LTU,2028,2739503.16062835,Total Population
LTU,2029,2716041.51644081,Total Population
LTU,2030,2692584.50376512,Total Population
LTU,2031,2669274.1173215,Total Population
LTU,2032,2646196.62064141,Total Population
LTU,2033,2623274.82729468,Total Population
LTU,2034,2603246.45282459,Total Population
LTU,2035,2583302.28710138,Total Population
LTU,2036,2563315.44969742,Total Population
LTU,2037,2543389.29660792,Total Population
LTU,2038,2523144.38792476,Total Population
LTU,2039,2503013.15832408,Total Population
LTU,2040,2483154.52731772,Total Population
LTU,2041,2463637.05895791,Total Population
LTU,2042,2444438.25482581,Total Population
LTU,2043,2425576.41213885,Total Population
LTU,2044,2407189.85524397,Total Population
LTU,2045,2389241.84476642,Total Population
LTU,2046,2371765.86057143,Total Population
LTU,2047,2354744.23678458,Total Population
LTU,2048,2338324.11991683,Total Population
LTU,2049,2322336.37120279,Total Population
LTU,2050,2306801.91174837,Total Population
ROU,2010,20246800.0,Total Population
ROU,2011,20147660.0,Total Population
ROU,2012,20060180.0,Total Population
ROU,2013,19988690.0,Total Population
ROU,2014,19916450.0,Total Population
ROU,2015,19822250.0,Total Population
ROU,2016,19706420.0,Total Population
ROU,2017,19592930.0,Total Population
ROU,2018,19483840.0,Total Population
ROU,2019,19394230.0,Total Population
ROU,2020,19269470.0,Total Population
ROU,2021,19126300.0,Total Population
ROU,2022,19042460.0,Total Population
ROU,2023,18918275.3379144,Total Population
ROU,2024,18793378.7353568,Total Population
ROU,2025,18712400.1653627,Total Population
ROU,2026,18624915.8554388,Total Population
ROU,2027,18528861.0307632,Total Population
ROU,2028,18432359.5691764,Total Population
ROU,2029,18334003.8835664,Total Population
ROU,2030,18234743.5667289,Total Population
ROU,2031,18133765.6609831,Total Population
ROU,2032,18046285.85503,Total Population
ROU,2033,17960486.2354248,Total Population
ROU,2034,17875643.474915,Total Population
ROU,2035,17788865.1225946,Total Population
ROU,2036,17701973.8042881,Total Population
ROU,2037,17614066.6487381,Total Population
ROU,2038,17525126.1329198,Total Population
ROU,2039,17439327.6761013,Total Population
ROU,2040,17353498.204162,Total Population
ROU,2041,17268541.8851629,Total Population
ROU,2042,17184564.0980706,Total Population
ROU,2043,17100818.0430992,Total Population
ROU,2044,17017558.2705741,Total Population
ROU,2045,16934559.8956658,Total Population
ROU,2046,16851320.1409554,Total Population
ROU,2047,16766647.5857864,Total Population
ROU,2048,16681287.1846282,Total Population
ROU,2049,16598256.6080246,Total Population
ROU,2050,16517068.9774687,Total Population
SVN,2010,2048821.0,Total Population
SVN,2011,2052839.0,Total Population
SVN,2012,2056768.0,Total Population
SVN,2013,2059547.0,Total Population
SVN,2014,2061800.0,Total Population
SVN,2015,2063298.0,Total Population
SVN,2016,2064633.0,Total Population
SVN,2017,2065819.0,Total Population
SVN,2018,2071956.0,Total Population
SVN,2019,2089014.0,Total Population
SVN,2020,2102800.0,Total Population
SVN,2021,2107730.0,Total Population
SVN,2022,2109393.0,Total Population
SVN,2023,2115562.55158115,Total Population
SVN,2024,2119209.46890314,Total Population
SVN,2025,2122307.29103393,Total Population
SVN,2026,2125015.22069829,Total Population
SVN,2027,2127273.81869734,Total Population
SVN,2028,2129321.62882909,Total Population
SVN,2029,2131100.74267312,Total Population
SVN,2030,2132732.46232457,Total Population
SVN,2031,2134178.54138435,Total Population
SVN,2032,2135353.02899262,Total Population
SVN,2033,2136385.12878647,Total Population
SVN,2034,2137560.25612451,Total Population
SVN,2035,2138551.78681405,Total Population
SVN,2036,2139510.58601404,Total Population
SVN,2037,2140544.23369933,Total Population
SVN,2038,2141478.92020444,Total Population
SVN,2039,2142279.62246367,Total Population
SVN,2040,2143022.30155726,Total Population
SVN,2041,2143752.3783532,Total Population
SVN,2042,2144287.93798805,Total Population
SVN,2043,2144660.99288926,Total Population
SVN,2044,2144910.95493312,Total Population
SVN,2045,2144829.07720456,Total Population
SVN,2046,2144388.51528182,Total Population
SVN,2047,2143683.08721998,Total Population
SVN,2048,2142639.53194327,Total Population
SVN,2049,2141385.73363339,Total Population
SVN,2050,2139751.23359943,Total Population
MLT,2010,414509.0,Total Population
MLT,2011,416264.0,Total Population
MLT,2012,420033.0,Total Population
MLT,2013,425968.0,Total Population
MLT,2014,434557.0,Total Population
MLT,2015,445056.0,Total Population
MLT,2016,455356.0,Total Population
MLT,2017,468005.0,Total Population
MLT,2018,484634.0,Total Population
MLT,2019,504059.0,Total Population
MLT,2020,515330.0,Total Population
MLT,2021,518538.0,Total Population
MLT,2022,523281.0,Total Population
CYP,2010,829444.0,Total Population
CYP,2011,850882.0,Total Population
CYP,2012,863945.0,Total Population
CYP,2013,861938.0,Total Population
CYP,2014,852511.0,Total Population
CYP,2015,847662.0,Total Population
CYP,2016,851559.0,Total Population
CYP,2017,859520.0,Total Population
CYP,2018,870071.0,Total Population
CYP,2019,881949.0,Total Population
CYP,2020,892006.0,Total Population
CYP,2021,900357.0,Total Population
CYP,2022,908945.0,Total Population
CYP,2023,931053.0,Total Population
CYP,2024,938925.0,Total Population
CYP,2025,944102.0,Total Population
CYP,2026,948302.0,Total Population
CYP,2027,951485.0,Total Population
CYP,2028,954099.0,Total Population
CYP,2029,956557.0,Total Population
CYP,2030,958828.0,Total Population
CYP,2031,960900.0,Total Population
CYP,2032,962797.0,Total Population
CYP,2033,964501.0,Total Population
CYP,2034,966258.0,Total Population
CYP,2035,968051.0,Total Population
CYP,2036,969634.0,Total Population
CYP,2037,971008.0,Total Population
CYP,2038,972251.0,Total Population
CYP,2039,973357.0,Total Population
CYP,2040,974349.0,Total Population
CYP,2041,975286.0,Total Population
CYP,2042,976186.0,Total Population
CYP,2043,977021.0,Total Population
CYP,2044,977855.0,Total Population
CYP,2045,978685.0,Total Population
CYP,2046,979491.0,Total Population
CYP,2047,980301.0,Total Population
CYP,2048,981127.0,Total Population
CYP,2049,981979.0,Total Population
CYP,2050,982878.0,Total Population
MLT,2023,537967.0,Total Population
MLT,2024,548462.0,Total Population
MLT,2025,558807.0,Total Population
MLT,2026,569198.0,Total Population
MLT,2027,579595.0,Total Population
MLT,2028,589858.0,Total Population
MLT,2029,599822.0,Total Population
MLT,2030,609474.0,Total Population
MLT,2031,618795.0,Total Population
MLT,2032,627799.0,Total Population
MLT,2033,636479.0,Total Population
MLT,2034,644873.0,Total Population
MLT,2035,653001.0,Total Population
MLT,2036,660802.0,Total Population
MLT,2037,668326.0,Total Population
MLT,2038,675571.0,Total Population
MLT,2039,682574.0,Total Population
MLT,2040,689341.0,Total Population
MLT,2041,695889.0,Total Population
MLT,2042,702239.0,Total Population
MLT,2043,708397.0,Total Population
MLT,2044,714380.0,Total Population
MLT,2045,720197.0,Total Population
MLT,2046,725842.0,Total Population
MLT,2047,731327.0,Total Population
MLT,2048,736651.0,Total Population
MLT,2049,741819.0,Total Population
MLT,2050,746831.0,Total Population
